Episode,Cumulative_Reward
1,-330.1840267770808
2,-330.1840267770808
3,-330.1840267770808
4,-330.1840267770808
5,-330.1840267770808
6,-330.1840267770808
7,-330.1840267770808
8,-330.1840267770808
9,-330.1840267770808
10,-330.1840267770808
11,-330.1840267770808
12,-330.1840267770808
13,-330.1840267770808
14,-330.1840267770808
15,-330.1840267770808
16,-330.1840267770808
17,-330.1840267770808
18,-330.1840267770808
19,-330.1840267770808
20,-330.1840267770808
21,-330.1840267770808
22,-330.1840267770808
23,-330.1840267770808
24,-330.1840267770808
25,-330.1840267770808
26,-330.1840267770808
27,-330.1840267770808
28,-330.1840267770808
29,-330.1840267770808
30,-330.1840267770808
31,-330.1840267770808
